{
  "Total" : {
    "transaction" : "Total",
    "sampleCount" : 3957,
    "errorCount" : 14,
    "errorPct" : 0.3538034,
    "meanResTime" : 1897.4455395501636,
    "medianResTime" : 319.0,
    "minResTime" : 223.0,
    "maxResTime" : 84208.0,
    "pct1ResTime" : 1274.4000000000005,
    "pct2ResTime" : 3282.0,
    "pct3ResTime" : 63454.84,
    "throughput" : 15.675819147713991,
    "receivedKBytesPerSec" : 29.84157146174934,
    "sentKBytesPerSec" : 1.9830532069667668
  },
  "HTTP Request-Stress" : {
    "transaction" : "HTTP Request-Stress",
    "sampleCount" : 3957,
    "errorCount" : 14,
    "errorPct" : 0.3538034,
    "meanResTime" : 1897.4455395501636,
    "medianResTime" : 319.0,
    "minResTime" : 223.0,
    "maxResTime" : 84208.0,
    "pct1ResTime" : 1274.4000000000005,
    "pct2ResTime" : 3282.0,
    "pct3ResTime" : 63454.84,
    "throughput" : 15.675819147713991,
    "receivedKBytesPerSec" : 29.84157146174934,
    "sentKBytesPerSec" : 1.9830532069667668
  }
}